Cold Word Appearance in every Document,Total Words (m),Frequency (f)
Article #1,28,0
Article #2,14,1
Article #3,9,0
Article #4,10,0
Article #5,8,0
Article #6,13,0
Article #7,9,1
Article #8,21,0
Article #9,26,1
Article #10,21,0
Article #11,22,0
Article #12,13,1
Article #13,28,0
Article #14,14,0
Article #15,7,0
Article #16,8,0
Article #17,28,2
Article #18,16,1
Article #19,16,1
Article #20,15,1
Article #21,12,0
Article #22,28,0
Article #23,25,0
Article #24,18,1
Article #25,18,0
Article #26,15,0
Article #27,12,0
Article #28,26,1
Article #29,13,0
Article #30,8,0
Article #31,18,0
Article #32,23,1
Article #33,4,0
Article #34,30,0
Article #35,23,0
Article #36,22,0
Article #37,27,0
Article #38,8,1
Article #39,11,0
Article #40,9,0
Article #41,12,1
Article #42,26,1
Article #43,8,0
Article #44,16,1
Article #45,20,1
Article #46,32,0
Article #47,26,1
Article #48,21,1
Article #49,14,0
Article #50,24,1
Article #51,30,3
Article #52,18,0
Article #53,18,0
Article #54,9,0
Article #55,13,0
Article #56,9,0
Article #57,28,1
Article #58,26,1
Article #59,28,0
Article #60,26,0
Article #61,25,0
Article #62,10,0
Article #63,26,1
Article #64,4,0
Article #65,4,0
Article #66,16,0
Article #67,9,0
Article #68,9,0
Article #69,14,0
Article #70,7,0
Article #71,8,1
Article #72,26,0
Article #73,15,0
Article #74,19,0
Article #75,7,0
Article #76,18,0
Article #77,17,1
Article #78,5,0
Article #79,17,0
Article #80,8,0
Article #81,25,1
Article #82,16,1
Article #83,8,0
Article #84,26,0
Article #85,23,2
Article #86,12,0
Article #87,9,0
Article #88,13,1
Article #89,13,0
Article #90,23,0
Article #91,10,0
Article #92,10,0
Article #93,28,0
Article #94,11,0
Article #95,25,0
Article #96,25,0
Article #97,24,1
Article #98,22,1
Article #99,19,1
Article #100,9,0
Article #101,22,1
Article #102,28,0
Article #103,11,1
Article #104,10,0
Article #105,8,0
Article #106,16,1
Article #107,15,0
Article #108,4,0
Article #109,13,0
Article #110,24,0
Article #111,32,0
Article #112,26,1
Article #113,27,0
Article #114,13,0
Article #115,24,1
Article #116,24,0
Article #117,26,1
Article #118,4,0
Article #119,26,1
Article #120,27,0
Article #121,28,2
Article #122,6,0
Article #123,8,0
Article #124,10,1
Article #125,17,0
Article #126,13,0
Article #127,21,1
Article #128,8,0
Article #129,25,1
Article #130,17,0
Article #131,8,0
Article #132,26,0
Article #133,25,0
Article #134,29,0
Article #135,27,0
Article #136,31,2
Article #137,14,1
Article #138,4,0
Article #139,27,0
Article #140,18,0
Article #141,32,0
Article #142,26,1
Article #143,22,1
Article #144,9,1
Article #145,24,1
Article #146,23,0
Article #147,8,0
Article #148,25,0
Article #149,9,0
Article #150,22,1
Article #151,9,0
Article #152,24,0
Article #153,18,1
Article #154,26,1
Article #155,13,1
Article #156,12,1
Article #157,9,0
Article #158,17,0
Article #159,31,2
Article #160,15,0
Article #161,26,0
Article #162,22,0
Article #163,28,0
Article #164,27,1
Article #165,4,0
Article #166,23,0
Article #167,21,1
Article #168,26,0
Article #169,19,1
Article #170,21,0
Article #171,20,1
Article #172,9,0
Article #173,7,0
Article #174,22,0
Article #175,22,0
Article #176,7,0
Article #177,6,0
Article #178,10,0
Article #179,16,0
Article #180,11,0
Article #181,24,0
Article #182,26,0
Article #183,8,0
Article #184,17,1
Article #185,26,0
Article #186,14,0
Article #187,4,0
Article #188,23,0
Article #189,18,0
Article #190,23,1
Article #191,28,1
Article #192,25,0
Article #193,10,0
Article #194,21,0
Article #195,24,1
Article #196,19,1
Article #197,24,0
Article #198,25,0
Article #199,25,0
Article #200,12,0
Article #201,15,1
Article #202,14,0
Article #203,23,0
Article #204,9,0
Article #205,9,0
Article #206,16,0
Article #207,25,1
Article #208,26,1
Article #209,18,0
Article #210,27,0
Article #211,19,0
Article #212,6,1
Article #213,21,0
Article #214,24,1
Article #215,28,1
Article #216,20,0
Article #217,26,1
Article #218,9,0
Article #219,19,0
Article #220,8,0
Article #221,11,1
Article #222,20,0
Article #223,23,1
Article #224,26,1
Article #225,8,0
Article #226,22,0
Article #227,24,0
Article #228,20,1
Article #229,30,0
Article #230,27,0
Article #231,25,0
Article #232,30,0
Article #233,26,1
Article #234,8,0
Article #235,21,0
Article #236,20,0
Article #237,26,0
Article #238,26,1
Article #239,26,1
Article #240,28,1
Article #241,9,0
Article #242,30,0
Article #243,26,0
Article #244,23,0
Article #245,20,1
Article #246,32,0
Article #247,16,0
Article #248,9,3
Article #249,27,1
Article #250,10,0
Article #251,25,1
Article #252,16,0
Article #253,11,1
Article #254,24,0
Article #255,9,0
Article #256,25,0
Article #257,10,0
Article #258,17,0
Article #259,7,0
Article #260,16,1
Article #261,8,0
Article #262,23,0
Article #263,25,1
Article #264,7,0
Article #265,8,0
Article #266,26,1
Article #267,19,0
Article #268,24,1
Article #269,12,0
Article #270,10,0
Article #271,9,0
Article #272,28,1
Article #273,22,0
Article #274,21,0
Article #275,22,1
Article #276,12,0
Article #277,14,1
Article #278,8,0
Article #279,32,0
Article #280,26,1
Article #281,26,1
Article #282,5,0
Article #283,23,0
Article #284,20,0
Article #285,12,1
Article #286,26,1
Article #287,12,0
Article #288,12,0
Article #289,26,1
Article #290,25,0
Article #291,26,0
Article #292,22,1
Article #293,28,0
Article #294,11,0
Article #295,13,0
Article #296,13,1
Article #297,21,1
Article #298,19,1
Article #299,25,0
Article #300,32,0
Article #301,22,0
Article #302,21,1
Article #303,15,0
Article #304,8,0
Article #305,25,0
Article #306,33,1
Article #307,8,0
Article #308,11,0
Article #309,24,0
Article #310,10,0
Article #311,24,0
Article #312,28,0
Article #313,7,1
Article #314,25,0
Article #315,21,0
Article #316,10,0
Article #317,19,0
Article #318,32,0
Article #319,8,0
Article #320,26,0
Article #321,27,1
Article #322,30,0
Article #323,26,1
Article #324,15,1
Article #325,6,0
Article #326,14,0
Article #327,20,1
Article #328,29,0
Article #329,30,1
Article #330,9,0
Article #331,30,0
Article #332,16,1
Article #333,20,1
Article #334,32,0
Article #335,9,0
Article #336,25,0
Article #337,11,0
Article #338,11,0
Article #339,32,0
Article #340,7,0
Article #341,23,1
Article #342,21,0
Article #343,22,0
Article #344,26,0
Article #345,25,0
Article #346,29,1
Article #347,28,0
Article #348,12,1
Article #349,14,0
Article #350,26,0
Article #351,28,0
Article #352,19,0
Article #353,9,1
Article #354,28,0
Article #355,25,1
Article #356,7,0
Article #357,19,1
Article #358,28,0
Article #359,10,1
Article #360,23,1
Article #361,28,1
Article #362,7,0
Article #363,27,0
Article #364,18,0
Article #365,25,0
Article #366,15,0
Article #367,16,1
Article #368,32,0
Article #369,26,1
Article #370,23,0
Article #371,33,0
Article #372,26,0
Article #373,8,0
Article #374,18,0
Article #375,24,0
Article #376,19,1
Article #377,30,0
Article #378,21,0
Article #379,10,0
Article #380,26,1
Article #381,20,1
Article #382,22,0
Article #383,5,0
Article #384,21,1
Article #385,9,0
Article #386,6,0
Article #387,25,0
Article #388,26,0
Article #389,27,0
Article #390,26,0
Article #391,28,0
Article #392,29,0
Article #393,28,0
Article #394,22,1
Article #395,13,0
Article #396,9,0
Article #397,28,0
Article #398,9,0
Article #399,16,1
Article #400,28,1
Article #401,19,0
Article #402,31,1
Article #403,8,0
Article #404,9,0
Article #405,25,1
Article #406,9,0
Article #407,20,1
Article #408,21,0
Article #409,19,0
Article #410,22,0
Article #411,13,0
Article #412,31,0
Article #413,24,0
Article #414,9,0
Article #415,28,0
Article #416,22,0
Article #417,28,0
Article #418,28,0
Article #419,20,0
Article #420,28,0
Article #421,8,0
Article #422,10,0
Article #423,26,1
Article #424,25,0
Article #425,22,0
Article #426,26,0
Article #427,23,1
Article #428,23,0
Article #429,24,1
Article #430,29,0
Article #431,13,0
Article #432,27,2
Article #433,20,1
Article #434,21,1
Article #435,8,0
Article #436,14,1
Article #437,7,0
Article #438,18,0
Article #439,24,0
Article #440,26,0
Article #441,29,0
Article #442,24,1
Article #443,24,1
Article #444,24,1
Article #445,18,0
Article #446,28,0
Article #447,13,0
Article #448,24,0
Article #449,32,0
Article #450,8,0
Article #451,13,0
Article #452,14,0
Article #453,25,0
Article #454,6,0
Article #455,24,0
Article #456,19,1
Article #457,28,1
Article #458,26,1
Article #459,28,2
Article #460,25,0
Article #461,12,0
Article #462,30,0
Article #463,12,0
Article #464,22,0
Article #465,23,1
Article #466,26,1
Article #467,8,0
Article #468,10,0
Article #469,18,0
Article #470,26,1
Article #471,27,0
Article #472,11,2
Article #473,26,1
Article #474,25,1
Article #475,32,0
Article #476,24,0
Article #477,18,0
Article #478,9,0
Article #479,5,0
Article #480,9,0
Article #481,7,0
Article #482,24,1
Article #483,24,0
Article #484,17,1
Article #485,18,0
Article #486,6,0
Article #487,8,0
Article #488,29,1
Article #489,13,0
Article #490,7,0
Article #491,8,0
Article #492,23,1
Article #493,29,1
Article #494,23,2
Article #495,18,0
Article #496,22,1
Article #497,10,1
Article #498,16,0
Article #499,21,0
Article #500,10,0
Article #501,20,0
Article #502,22,1
Article #503,22,1
Article #504,13,0
Article #505,9,0
Article #506,11,1
Article #507,12,1
Article #508,28,0
Article #509,28,1
Article #510,27,1
Article #511,12,1
Article #512,22,0
Article #513,14,0
Article #514,28,0
Article #515,23,0
Article #516,10,0
Article #517,14,1
Article #518,7,0
Article #519,4,0
Article #520,9,0
Article #521,32,0
Article #522,26,1
Article #523,10,0
Article #524,28,0
Article #525,20,1
Article #526,8,1
Article #527,7,0
Article #528,25,0
Article #529,27,0
Article #530,16,0
Article #531,9,0
Article #532,27,1
Article #533,21,1
Article #534,14,0
Article #535,22,0
Article #536,22,0
Article #537,22,0
Article #538,9,0
Article #539,9,0
Article #540,23,0
Article #541,11,1
Article #542,18,0
Article #543,31,0
Article #544,26,0
Article #545,21,1
Article #546,13,1
Article #547,13,0
Article #548,24,0
Article #549,28,1
Article #550,6,0
Article #551,24,0
Article #552,21,1
Article #553,26,1
Article #554,6,0
Article #555,24,1
Article #556,8,0
Article #557,26,1
Article #558,25,0
Article #559,6,0
Article #560,8,0
Article #561,17,0
Article #562,26,0
Article #563,24,0
Article #564,20,1
Article #565,23,0
Article #566,27,0
Article #567,19,0
Article #568,28,0
Article #569,11,0
Article #570,14,0
Article #571,21,1
Article #572,24,1
Article #573,24,0
Article #574,26,0
Article #575,22,0
Article #576,24,0
Article #577,13,0
Article #578,8,1
Article #579,6,0
Article #580,25,1
Article #581,8,0
Article #582,13,0
Article #583,24,0
Article #584,8,0
Article #585,9,1
Article #586,19,0
Article #587,23,0
Article #588,18,0
Article #589,18,1
Article #590,24,0
Article #591,9,0
Article #592,9,0
Article #593,9,0
Article #594,29,1
Article #595,24,0
Article #596,8,0
Article #597,12,0
Article #598,26,0
Article #599,8,0
Article #600,9,0
Article #601,22,0
Article #602,12,0
Article #603,25,0
Article #604,24,0
Article #605,27,0
Article #606,26,1
Article #607,25,0
Article #608,27,0
Article #609,25,0
Article #610,27,0
Article #611,9,0
Article #612,32,0
Article #613,8,1
Article #614,22,1
Article #615,27,0
Article #616,23,1
Article #617,25,1
Article #618,13,0
Article #619,11,0
Article #620,24,0
Article #621,24,0
Article #622,7,0
Article #623,22,0
Article #624,35,1
Article #625,24,1
Article #626,8,0
Article #627,24,0
Article #628,15,0
Article #629,8,0
Article #630,24,1
Article #631,5,0
Article #632,13,0
Article #633,15,1
Article #634,22,0
Article #635,29,1
Article #636,11,0
Article #637,22,0
Article #638,15,0
Article #639,24,1
Article #640,16,1
Article #641,8,0
Article #642,9,0
Article #643,31,2
Article #644,12,1
Article #645,13,0
Article #646,8,0
Article #647,14,0
Article #648,9,0
Article #649,7,0
Article #650,9,0
Article #651,21,1
Article #652,6,0
Article #653,24,0
Article #654,10,0
Article #655,13,0
Article #656,28,0
Article #657,32,0
Article #658,27,0
Article #659,20,1
Article #660,8,0
Article #661,21,1
Article #662,26,0
Article #663,9,0
Article #664,26,1
Article #665,13,0
Article #666,26,0
Article #667,25,0
Article #668,19,0
Article #669,19,0
Article #670,31,2
Article #671,8,0
Article #672,8,0
Article #673,15,0
Article #674,22,0
Article #675,7,0
Article #676,24,0
Article #677,18,0
Article #678,22,0
Article #679,22,0
Article #680,6,0
Article #681,30,0
Article #682,27,1
Article #683,25,1
Article #684,20,1
Article #685,11,0
Article #686,15,0
Article #687,29,1
Article #688,13,0
Article #689,13,0
Article #690,10,0
Article #691,11,0
Article #692,5,0
Article #693,24,1
Article #694,4,0
Article #695,28,0
Article #696,26,1
Article #697,13,1
Article #698,28,0
Article #699,33,0
Article #700,18,1
Article #701,28,0
Article #702,28,1
Article #703,9,0
Article #704,21,1
Article #705,11,1
Article #706,26,1
Article #707,26,2
Article #708,9,0
Article #709,24,0
Article #710,12,1
Article #711,6,0
Article #712,7,0
Article #713,19,1
Article #714,6,0
Article #715,24,1
Article #716,19,0
Article #717,13,0
Article #718,24,0
Article #719,24,1
Article #720,9,1
Article #721,14,1
Article #722,9,1
Article #723,9,0
Article #724,12,0
Article #725,20,1
Article #726,9,0
Article #727,16,1
Article #728,26,1
Article #729,6,0
Article #730,8,0
Article #731,29,0
Article #732,19,0
Article #733,32,0
Article #734,26,0
Article #735,28,0
Article #736,20,0
Article #737,23,0
Article #738,9,0
Article #739,21,1
Article #740,29,0
Article #741,26,1
Article #742,32,0
Article #743,15,1
Article #744,10,0
Article #745,28,1
Article #746,28,2
Article #747,10,1
Article #748,18,1
Article #749,26,0
Article #750,24,0
Article #751,16,1
Article #752,18,1
Article #753,24,0
Article #754,30,0
Article #755,31,1
Article #756,9,0
Article #757,7,0
Article #758,24,1
Article #759,24,0
Article #760,30,0
Article #761,28,0
Article #762,16,0
Article #763,23,0
Article #764,8,0
Article #765,10,1
Article #766,29,1
Article #767,28,0
Article #768,23,0
Article #769,9,0
Article #770,8,1
Article #771,14,0
Article #772,14,0
Article #773,31,1
Article #774,19,0
Article #775,22,1
Article #776,24,1
Article #777,9,1
Article #778,24,1
Article #779,22,0
Article #780,22,1
Article #781,24,0
Article #782,25,0
Article #783,28,2
Article #784,13,0
Article #785,9,0
Article #786,7,0
Article #787,22,0
Article #788,15,0
Article #789,10,0
Article #790,18,1
Article #791,13,1
Article #792,16,0
Article #793,18,1
Article #794,16,0
Article #795,9,0
Article #796,8,0
Article #797,8,0
Article #798,12,0
Article #799,25,1
Article #800,10,0
Article #801,19,0
Article #802,32,0
Article #803,13,0
Article #804,31,1
Article #805,27,0
Article #806,7,0
Article #807,14,0
Article #808,32,1
Article #809,31,1
Article #810,10,0
Article #811,12,0
Article #812,17,1
Article #813,21,1
Article #814,11,0
Article #815,27,1
Article #816,21,0
Article #817,31,2
Article #818,9,1
Article #819,30,1
Article #820,25,0
Article #821,28,1
Article #822,21,1
Article #823,21,1
Article #824,18,0
Article #825,19,1
Article #826,29,2
Article #827,19,1
Article #828,10,0
Article #829,9,0
Article #830,27,1
Article #831,29,0
Article #832,27,1
Article #833,10,0
Article #834,20,0
Article #835,30,1
Article #836,26,1
Article #837,27,1
Article #838,31,2
Article #839,31,1
Article #840,11,0
Article #841,25,0
Article #842,33,0
Article #843,17,1
Article #844,9,0
Article #845,25,1
Article #846,15,1
Article #847,21,1
Article #848,30,0
Article #849,26,0
Article #850,22,0
Article #851,7,0
Article #852,20,0
Article #853,17,0
Article #854,20,0
Article #855,21,0
Article #856,26,0
Article #857,10,0
Article #858,22,0
Article #859,19,0
Article #860,20,0
Article #861,20,0
Article #862,22,0
Article #863,27,1
Article #864,25,0
Article #865,20,0
Article #866,31,1
Article #867,24,0
Article #868,25,1
Article #869,26,0
Article #870,19,1
Article #871,24,1
Article #872,23,0
Article #873,24,0
Article #874,23,0
Article #875,22,1
Article #876,23,0
Article #877,10,0
Article #878,16,0
Article #879,23,0
Article #880,24,0
Article #881,16,1
Article #882,23,0
Article #883,25,0
Article #884,17,0
Article #885,21,1
Article #886,14,0
Article #887,8,0
Article #888,29,0
Article #889,27,0
Article #890,32,0
Article #891,24,0
Article #892,28,0
Article #893,23,0
Article #894,27,1
Article #895,29,2
Article #896,16,0
Article #897,26,1
Article #898,22,0
Article #899,27,0
Article #900,29,1
Article #901,28,1
Article #902,26,0
Article #903,31,1
Article #904,7,0
Article #905,14,0
Article #906,28,1
Article #907,11,1
Article #908,31,1
Article #909,7,0
Article #910,15,1
Article #911,13,0
Article #912,28,0
Article #913,13,1
Article #914,24,0
Article #915,15,1
Article #916,29,1
Article #917,28,2
Article #918,23,1
Article #919,31,0
Article #920,30,1
Article #921,31,1
Article #922,9,0
Article #923,8,1
Article #924,22,0
Article #925,9,1
Article #926,11,0
Article #927,23,0
Article #928,28,0
Article #929,24,1
Article #930,25,1
Article #931,7,0
Article #932,26,1
Article #933,30,0
Article #934,26,0
Article #935,9,0
Article #936,26,1
Article #937,26,0
Article #938,27,1
Article #939,24,0
Article #940,19,1
Article #941,29,1
Article #942,22,1
Article #943,27,0
Article #944,24,1
Article #945,30,0
Article #946,10,0
Article #947,27,1
Article #948,9,0
Article #949,15,1
Article #950,9,0
Article #951,26,1
Article #952,10,0
Article #953,16,0
Article #954,14,0
Article #955,15,0
Article #956,18,1
Article #957,4,0
Article #958,24,1
Article #959,25,0
Article #960,28,0
Article #961,26,1
Article #962,23,0
Article #963,12,0
Article #964,17,0
Article #965,25,1
Article #966,31,1
Article #967,9,0
Article #968,26,0
Article #969,5,0
Article #970,9,0
Article #971,24,1
Article #972,20,1
Article #973,22,0
Article #974,27,0
Article #975,23,0
Article #976,28,2
Article #977,27,0
Article #978,10,0
Article #979,26,1
Article #980,17,1
Article #981,9,1
Article #982,18,1
Article #983,24,0
Article #984,20,1
Article #985,22,0
Article #986,8,1
Article #987,16,1
Article #988,27,0
Article #989,18,1
Article #990,7,0
Article #991,24,0
Article #992,7,0
Article #993,16,1
Article #994,25,1
Article #995,21,0
Article #996,12,1
Article #997,22,0
Article #998,13,1
Article #999,8,1
Article #1000,23,0
Article #1001,8,0
Article #1002,22,0
Article #1003,18,0
Article #1004,18,0
Article #1005,9,0
Article #1006,22,1
Article #1007,26,0
Article #1008,31,1
Article #1009,25,0
Article #1010,18,0
Article #1011,9,0
Article #1012,15,1
Article #1013,14,0
Article #1014,9,0
Article #1015,8,0
Article #1016,4,0
Article #1017,32,0
Article #1018,26,0
Article #1019,20,1
Article #1020,21,1
Article #1021,4,0
Article #1022,22,0
Article #1023,24,0
Article #1024,9,0
Article #1025,9,0
Article #1026,19,1
Article #1027,32,0
Article #1028,7,0
Article #1029,23,1
Article #1030,13,0
Article #1031,30,0
Article #1032,19,1
Article #1033,10,0
Article #1034,22,0
Article #1035,9,0
Article #1036,23,0
Article #1037,8,1
Article #1038,32,0
Article #1039,4,0
Article #1040,21,0
Article #1041,22,0
Article #1042,28,0
Article #1043,9,0
Article #1044,28,1
Article #1045,10,0
Article #1046,18,0
Article #1047,24,0
Article #1048,6,0
Article #1049,5,0
Article #1050,14,1
Article #1051,11,1
Article #1052,24,1
Article #1053,28,0
Article #1054,9,0
Article #1055,19,0
Article #1056,26,0
Article #1057,31,1
Article #1058,21,0
Article #1059,13,0
Article #1060,28,0
Article #1061,28,1
Article #1062,9,0
Article #1063,28,0
Article #1064,26,0
Article #1065,27,1
Article #1066,20,0
Article #1067,17,0
Article #1068,24,0
Article #1069,12,0
Article #1070,21,0
Article #1071,28,0
Article #1072,25,0
Article #1073,16,0
Article #1074,13,0
Article #1075,21,1
Article #1076,30,0
Article #1077,13,0
Article #1078,29,0
Article #1079,16,1
Article #1080,28,1
Article #1081,21,0
Article #1082,6,0
Article #1083,23,1
Article #1084,9,0
Article #1085,19,1
Article #1086,8,0
Article #1087,19,1
Article #1088,25,0
Article #1089,21,0
Article #1090,8,0
Article #1091,20,0
Article #1092,23,0
Article #1093,32,0
Article #1094,4,0
Article #1095,7,0
Article #1096,31,1
Article #1097,24,1
Article #1098,30,0
Article #1099,21,0
Article #1100,17,1
Article #1101,12,0
Article #1102,27,1
Article #1103,10,0
Article #1104,28,1
Article #1105,32,0
Article #1106,28,0
Article #1107,23,2
Article #1108,31,1
Article #1109,25,1
Article #1110,8,0
Article #1111,12,1
Article #1112,28,1
Article #1113,25,1
Article #1114,21,0
Article #1115,19,0
Article #1116,27,1
Article #1117,18,0
Article #1118,9,0
Article #1119,24,0
Article #1120,15,1
Article #1121,29,1
Article #1122,9,0
Article #1123,22,0
Article #1124,31,1
Article #1125,9,0
Article #1126,4,0
Article #1127,25,0
Article #1128,25,1
Article #1129,27,0
Article #1130,21,0
Article #1131,26,0
Article #1132,21,0
Article #1133,12,0
Article #1134,32,0
Article #1135,4,0
Article #1136,18,0
Article #1137,31,1
Article #1138,12,0
Article #1139,18,0
Article #1140,20,0
Article #1141,20,1
Article #1142,31,1
Article #1143,31,1
Article #1144,19,0
Article #1145,22,0
Article #1146,9,0
Article #1147,21,0
Article #1148,16,0
Article #1149,24,0
Article #1150,16,0
Article #1151,13,0
Article #1152,8,0
Article #1153,27,0
Article #1154,10,0
Article #1155,20,0
Article #1156,9,0
Article #1157,21,0
Article #1158,26,0
Article #1159,24,0
Article #1160,28,1
Article #1161,26,2
Article #1162,24,0
Article #1163,11,0
Article #1164,23,0
Article #1165,24,0
Article #1166,24,0
Article #1167,10,0
Article #1168,18,0
Article #1169,12,0
Article #1170,5,0
Article #1171,30,0
Article #1172,22,0
Article #1173,24,0
Article #1174,9,0
Article #1175,13,0
Article #1176,29,0
Article #1177,10,0
Article #1178,5,0
Article #1179,26,0
Article #1180,7,0
Article #1181,16,1
Article #1182,8,0
Article #1183,15,1
Article #1184,20,0
Article #1185,24,1
Article #1186,19,0
Article #1187,26,1
Article #1188,13,0
Article #1189,13,0
Article #1190,19,0
Article #1191,6,0
Article #1192,4,0
Article #1193,17,0
Article #1194,25,1
Article #1195,22,0
Article #1196,28,2
Article #1197,26,1
Article #1198,24,1
Article #1199,22,1
Article #1200,24,1
Article #1201,19,0
Article #1202,14,0
Article #1203,6,0
Article #1204,27,0
Article #1205,8,0
Article #1206,26,0
Article #1207,7,0
Article #1208,22,0
Article #1209,19,0
Article #1210,20,0
Article #1211,4,0
Article #1212,21,1
Article #1213,10,0
Article #1214,10,0
Article #1215,22,1
Article #1216,24,0
Article #1217,13,0
Article #1218,16,1
Article #1219,16,1
Article #1220,16,0
Article #1221,8,0
Article #1222,16,0
Article #1223,21,1
Article #1224,24,0
Article #1225,13,0
Article #1226,8,1
Article #1227,27,1
Article #1228,23,0
Article #1229,13,0
Article #1230,10,0
Article #1231,32,0
Article #1232,6,0
Article #1233,27,0
Article #1234,9,0
Article #1235,19,0
Article #1236,13,0
Article #1237,31,1
Article #1238,5,0
Article #1239,32,0
Article #1240,10,0
Article #1241,13,0
Article #1242,25,0
Article #1243,4,0
Article #1244,8,0
Article #1245,8,0
Article #1246,19,1
Article #1247,10,0
Article #1248,22,1
Article #1249,25,0
Article #1250,31,1
Article #1251,31,1
Article #1252,9,0
Article #1253,30,1
Article #1254,4,0
Article #1255,5,0
Article #1256,24,0
Article #1257,12,0
Article #1258,24,1
Article #1259,24,1
Article #1260,28,2
Article #1261,18,0
Article #1262,10,0
Article #1263,9,0
Article #1264,24,0
Article #1265,16,0
Article #1266,9,0
Article #1267,31,1
Article #1268,7,0
Article #1269,16,0
Article #1270,16,0
Article #1271,21,0
Article #1272,9,0
Article #1273,10,0
Article #1274,16,1
Article #1275,8,1
Article #1276,30,0
Article #1277,18,0
Article #1278,28,2
Article #1279,27,0
Article #1280,28,0
Article #1281,27,0
Article #1282,12,0
Article #1283,8,0
Article #1284,12,0
Article #1285,21,1
Article #1286,9,0
Article #1287,16,0
Article #1288,21,1
Article #1289,24,1
Article #1290,9,0
Article #1291,25,1
Article #1292,26,0
Article #1293,21,0
Article #1294,22,1
Article #1295,32,0
Article #1296,24,1
Article #1297,10,0
Article #1298,19,0
Article #1299,23,0
Article #1300,7,0
Article #1301,25,0
Article #1302,23,0
Article #1303,9,0
Article #1304,24,0
Article #1305,8,0
Article #1306,31,1
Article #1307,12,0
Article #1308,32,0
Article #1309,28,0
Article #1310,25,0
Article #1311,21,1
Article #1312,24,0
Article #1313,21,0
Article #1314,24,0
Article #1315,14,0
Article #1316,9,1
Article #1317,21,0
Article #1318,5,0
Article #1319,9,0
Article #1320,25,0
Article #1321,25,1
Article #1322,21,0
Article #1323,28,0
Article #1324,26,1
Article #1325,4,0
Article #1326,18,0
Article #1327,18,0
Article #1328,9,1
Article #1329,24,0
Article #1330,21,0
Article #1331,12,0
Article #1332,8,0
Article #1333,12,0
Article #1334,12,1
Article #1335,12,1
Article #1336,25,1
Article #1337,22,0
Article #1338,28,0
Article #1339,23,0
Article #1340,21,0
Article #1341,21,0
Article #1342,30,1
Article #1343,26,1
Article #1344,8,0
Article #1345,18,0
Article #1346,31,1
Article #1347,12,0
Article #1348,24,0
Article #1349,22,0
Article #1350,8,0
Article #1351,28,0
Article #1352,18,0
Article #1353,30,0
Article #1354,9,0
Article #1355,26,1
Article #1356,24,0
Article #1357,26,0
Article #1358,26,0
Article #1359,19,1
Article #1360,31,1
Article #1361,12,0
Article #1362,30,0
Article #1363,28,0
Article #1364,24,0
Article #1365,32,0
Article #1366,26,1
Article #1367,25,0
Article #1368,5,0
Article #1369,25,0
Article #1370,9,0
Article #1371,22,0
Article #1372,27,0
Article #1373,23,0
Article #1374,11,1
Article #1375,24,0
Article #1376,19,1
Article #1377,10,0
Article #1378,11,0
Article #1379,31,1
Article #1380,24,1
Article #1381,24,0
Article #1382,22,0
Article #1383,28,0
Article #1384,19,0
Article #1385,12,0
Article #1386,16,0
Article #1387,13,0
Article #1388,27,0
Article #1389,31,0
Article #1390,28,0
Article #1391,16,1
Article #1392,7,0
Article #1393,4,0
Article #1394,25,0
Article #1395,23,0
Article #1396,25,0
Article #1397,19,0
Article #1398,17,0
Article #1399,19,0
Article #1400,32,0
Article #1401,10,0
Article #1402,8,0
Article #1403,28,0
Article #1404,28,0
Article #1405,13,1
Article #1406,27,0
Article #1407,27,0
Article #1408,20,1
Article #1409,9,0
Article #1410,17,1
Article #1411,9,0
Article #1412,8,0
Article #1413,23,0
Article #1414,24,1
Article #1415,25,0
Article #1416,9,1
Article #1417,25,0
Article #1418,26,1
Article #1419,4,0
Article #1420,26,1
Article #1421,28,1
Article #1422,5,0
Article #1423,15,0
Article #1424,25,0
Article #1425,8,0
Article #1426,25,0
Article #1427,9,0
Article #1428,19,1
Article #1429,25,0
Article #1430,20,0
Article #1431,12,0
Article #1432,27,0
Article #1433,15,0
Article #1434,26,1
Article #1435,22,0
Article #1436,12,0
Article #1437,32,0
Article #1438,13,0
Article #1439,4,0
Article #1440,31,1
Article #1441,12,0
Article #1442,29,1
Article #1443,15,0
Article #1444,27,0
Article #1445,19,1
Article #1446,18,0
Article #1447,8,0
Article #1448,9,0
Article #1449,14,0
Article #1450,8,0
Article #1451,23,1
Article #1452,4,0
Article #1453,27,1
Article #1454,18,0
Article #1455,17,1
Article #1456,27,0
Article #1457,9,0
Article #1458,11,0
Article #1459,27,1
Article #1460,18,0
Article #1461,22,0
Article #1462,12,0
Article #1463,18,1
Article #1464,12,0
Article #1465,32,0
Article #1466,8,0
Article #1467,12,1
Article #1468,21,1
Article #1469,8,0
Article #1470,17,0
Article #1471,23,0
Article #1472,21,0
Article #1473,24,1
Article #1474,27,0
Article #1475,13,0
Article #1476,16,0
Article #1477,16,0
Article #1478,9,0
Article #1479,19,1
Article #1480,16,0
Article #1481,12,0
Article #1482,11,1
Article #1483,22,0
Article #1484,13,0
Article #1485,31,0
Article #1486,9,0
Article #1487,24,0
Article #1488,24,0
Article #1489,18,0
Article #1490,26,1
Article #1491,25,0
Article #1492,8,0
Article #1493,6,0
Article #1494,29,0
Article #1495,21,0
Article #1496,24,0
Article #1497,24,0
Article #1498,18,0
Article #1499,24,1
Article #1500,18,1
Article #1501,21,0
Article #1502,18,1
Article #1503,31,1
Article #1504,8,0
Article #1505,10,0
Article #1506,21,1
Article #1507,21,0
Article #1508,24,0
Article #1509,8,0
Article #1510,10,0
Article #1511,16,0
Article #1512,12,0
Article #1513,28,2
Article #1514,4,0
Article #1515,11,1
Article #1516,7,0
Article #1517,26,1
Article #1518,10,0
Article #1519,10,1
Article #1520,10,0
Article #1521,10,0
Article #1522,11,0
Article #1523,22,0
Article #1524,17,1
Article #1525,27,0
Article #1526,8,0
Article #1527,27,0
Article #1528,9,0
Article #1529,29,1
Article #1530,11,0
Article #1531,10,0
Article #1532,7,0
Article #1533,21,1
Article #1534,32,1
Article #1535,27,1
Article #1536,26,1
Article #1537,27,0
Article #1538,20,1
Article #1539,24,2
Article #1540,26,1
Article #1541,28,2
Article #1542,8,1
Article #1543,16,0
Article #1544,21,1
Article #1545,15,1
Article #1546,17,0
Article #1547,28,0
Article #1548,9,0
Article #1549,9,1
Article #1550,10,0
Article #1551,30,0
Article #1552,19,1
Article #1553,19,1
Article #1554,30,0
Article #1555,12,0
Article #1556,16,1
Article #1557,4,0
Article #1558,21,0
Article #1559,28,0
Article #1560,19,1
Article #1561,9,0
Article #1562,7,0
Article #1563,22,1
Article #1564,29,0
Article #1565,26,0
Article #1566,9,0
Article #1567,27,0
Article #1568,7,0
Article #1569,30,1
Article #1570,13,0
Article #1571,14,1
Article #1572,4,0
Article #1573,28,2
Article #1574,10,0
Article #1575,12,0
Article #1576,8,0
Article #1577,26,1
Article #1578,9,0
Article #1579,16,0
Article #1580,27,0
Article #1581,8,0
Article #1582,15,1
Article #1583,19,1
Article #1584,26,1
Article #1585,14,0
Article #1586,20,0
Article #1587,10,0
Article #1588,22,0
Article #1589,10,0
Article #1590,27,1
Article #1591,22,0
Article #1592,19,0
Article #1593,19,0
Article #1594,24,1
Article #1595,9,0
Article #1596,11,0
Article #1597,8,0
Article #1598,14,0
Article #1599,8,0
Article #1600,9,0
Article #1601,14,0
Article #1602,24,0
Article #1603,27,0
Article #1604,22,0
Article #1605,26,0
Article #1606,10,0
Article #1607,14,0
Article #1608,24,0
Article #1609,10,0
Article #1610,26,0
Article #1611,11,0
Article #1612,23,0
Article #1613,29,0
Article #1614,9,0
Article #1615,26,1
Article #1616,5,0
Article #1617,10,0
Article #1618,24,1
Article #1619,21,1
Article #1620,33,0
Article #1621,8,0
Article #1622,30,0
Article #1623,5,0
Article #1624,28,1
Article #1625,14,1
Article #1626,33,0
Article #1627,28,2
Article #1628,8,0
Article #1629,21,1
Article #1630,16,1
Article #1631,28,1
Article #1632,7,0
Article #1633,8,0
Article #1634,11,1
Article #1635,24,1
Article #1636,20,0
Article #1637,24,1
Article #1638,27,1
Article #1639,15,1
Article #1640,28,0
Article #1641,20,0
Article #1642,19,1
Article #1643,19,0
Article #1644,22,0
Article #1645,16,1
Article #1646,28,1
Article #1647,27,1
Article #1648,29,1
Article #1649,28,0
Article #1650,19,0
Article #1651,10,0
Article #1652,18,0
Article #1653,20,1
Article #1654,25,0
Article #1655,24,1
Article #1656,12,0
Article #1657,10,0
Article #1658,24,1
Article #1659,17,0
Article #1660,27,0
Article #1661,10,0
Article #1662,11,0
Article #1663,26,0
Article #1664,5,0
Article #1665,8,0
Article #1666,21,0
Article #1667,16,1
Article #1668,28,0
Article #1669,31,1
Article #1670,10,0
Article #1671,31,1
Article #1672,4,0
Article #1673,9,0
Article #1674,24,0
Article #1675,28,1
Article #1676,4,0
Article #1677,23,1
Article #1678,9,0
Article #1679,18,0
Article #1680,13,0
Article #1681,18,1
Article #1682,27,0
Article #1683,11,1
Article #1684,8,0
Article #1685,19,1
Article #1686,30,0
Article #1687,10,0
Article #1688,13,0
Article #1689,15,1
Article #1690,26,1
Article #1691,29,1
Article #1692,9,0
Article #1693,9,0
Article #1694,9,0
Article #1695,16,1
Article #1696,22,1
Article #1697,25,0
Article #1698,21,1
Article #1699,22,0
Article #1700,28,2
Article #1701,6,1
Article #1702,17,0
Article #1703,10,0
Article #1704,4,0
Article #1705,27,0
Article #1706,6,0
Article #1707,26,0
Article #1708,20,2
Article #1709,24,0
Article #1710,21,0
Article #1711,12,0
Article #1712,4,0
Article #1713,4,0
Article #1714,25,0
Article #1715,27,1
Article #1716,6,1
Article #1717,18,1
Article #1718,27,0
Article #1719,18,0
Article #1720,26,0
Article #1721,15,1
Article #1722,9,0
Article #1723,23,0
Article #1724,14,1
Article #1725,23,0
Article #1726,26,0
Article #1727,26,1
Article #1728,27,0
Article #1729,24,1
Article #1730,29,1
Article #1731,7,0
Article #1732,20,0
Article #1733,28,0
Article #1734,19,0
Article #1735,18,1
Article #1736,23,0
Article #1737,8,1
Article #1738,25,0
Article #1739,25,1
Article #1740,25,1
Article #1741,12,1
Article #1742,10,1
Article #1743,24,0
Article #1744,26,1
Article #1745,10,0
Article #1746,7,0
Article #1747,18,1
Article #1748,28,0
Article #1749,23,0
Article #1750,20,1
Article #1751,25,0
Article #1752,28,0
Article #1753,25,0
Article #1754,28,0
Article #1755,19,1
Article #1756,8,0
Article #1757,22,0
Article #1758,24,0
Article #1759,27,0
Article #1760,24,0
Article #1761,26,1
Article #1762,10,0
Article #1763,26,1
Article #1764,9,0
Article #1765,9,0
Article #1766,24,0
Article #1767,25,0
Article #1768,21,1
Article #1769,22,0
Article #1770,11,1
Article #1771,30,0
Article #1772,28,1
Article #1773,17,0
Article #1774,10,0
Article #1775,10,0
Article #1776,24,1
Article #1777,25,1
Article #1778,14,1
Article #1779,18,0
Article #1780,5,0
Article #1781,15,0
Article #1782,7,0
Article #1783,11,0
Article #1784,21,0
Article #1785,7,0
Article #1786,19,0
Article #1787,7,0
Article #1788,31,1
Article #1789,24,1
Article #1790,14,1
Article #1791,31,2
Article #1792,25,0
Article #1793,17,0
Article #1794,11,1
Article #1795,27,0
Article #1796,31,1
Article #1797,11,1
Article #1798,10,0
Article #1799,12,1
Article #1800,14,1
Article #1801,23,0
Article #1802,28,2
Article #1803,22,0
Article #1804,8,0
Article #1805,22,0
Article #1806,8,0
Article #1807,8,0
Article #1808,25,0
Article #1809,25,0
Article #1810,24,0
Article #1811,17,0
Article #1812,31,1
Article #1813,14,0
Article #1814,24,1
Article #1815,21,0
Article #1816,11,0
Article #1817,18,0
Article #1818,8,0
Article #1819,9,0
Article #1820,24,1
Article #1821,9,0
Article #1822,19,0
Article #1823,20,0
Article #1824,7,0
Article #1825,27,0
Article #1826,18,0
Article #1827,18,0
Article #1828,23,0
Article #1829,21,1
Article #1830,25,0
Article #1831,20,0
Article #1832,23,0
Article #1833,30,0
Article #1834,30,0
Article #1835,21,1
Article #1836,33,0
Article #1837,19,0
Article #1838,13,0
Article #1839,9,0
Article #1840,8,0
Article #1841,12,0
Article #1842,28,1
Article #1843,11,0
Article #1844,4,0
Article #1845,25,0
Article #1846,12,0
Article #1847,10,0
Article #1848,9,0
Article #1849,14,0
Article #1850,26,0
Article #1851,16,0
Article #1852,8,0
Article #1853,12,0
Article #1854,13,0
Article #1855,16,0
Article #1856,28,1
Article #1857,18,0
Article #1858,11,1
Article #1859,8,0
Article #1860,26,1
Article #1861,23,0
Article #1862,10,0
Article #1863,6,0
Article #1864,25,0
Article #1865,12,0
Article #1866,33,0
Article #1867,13,0
Article #1868,18,0
Article #1869,24,0
Article #1870,27,0
Article #1871,13,0
Article #1872,24,1
Article #1873,9,0
Article #1874,29,1
Article #1875,30,0
Article #1876,11,0
Article #1877,21,0
Article #1878,15,0
Article #1879,10,0
Article #1880,8,1
Article #1881,8,0
Article #1882,10,1
Article #1883,17,0
Article #1884,14,0
Article #1885,8,0
Article #1886,17,0
Article #1887,18,1
Article #1888,5,0
Article #1889,25,0
Article #1890,25,1
Article #1891,33,0
Article #1892,24,1
Article #1893,26,0
Article #1894,14,0
Article #1895,7,0
Article #1896,17,1
Article #1897,9,0
Article #1898,26,0
Article #1899,21,0
Article #1900,28,0
Article #1901,22,1
Article #1902,9,1
Article #1903,22,0
Article #1904,23,0
Article #1905,5,0
Article #1906,15,0
Article #1907,20,1
Article #1908,9,0
Article #1909,6,0
Article #1910,28,2
Article #1911,31,1
Article #1912,13,0
Article #1913,12,0
Article #1914,17,1
Article #1915,18,0
Article #1916,9,0
Article #1917,16,0
Article #1918,24,0
Article #1919,28,0
Article #1920,32,0
Article #1921,8,0
Article #1922,11,1
Article #1923,16,1
Article #1924,10,0
Article #1925,10,0
Article #1926,28,0
Article #1927,14,1
Article #1928,27,0
Article #1929,28,0
Article #1930,32,0
Article #1931,13,0
Article #1932,19,1
Article #1933,31,1
Article #1934,15,0
Article #1935,24,0
Article #1936,24,1
Article #1937,9,0
Article #1938,7,0
Article #1939,24,0
Article #1940,13,1
Article #1941,26,0
Article #1942,21,0
Article #1943,16,1
Article #1944,26,1
Article #1945,21,0
Article #1946,13,1
Article #1947,7,0
Article #1948,5,0
Article #1949,9,0
Article #1950,23,0
Article #1951,24,0
Article #1952,17,0
Article #1953,30,0
Article #1954,9,1
Article #1955,18,0
Article #1956,23,1
Article #1957,28,2
Article #1958,23,1
Article #1959,11,0
Article #1960,9,0
Article #1961,8,1
Article #1962,26,1
Article #1963,25,0
Article #1964,13,1
Article #1965,28,0
Article #1966,25,1
Article #1967,28,2
Article #1968,18,0
Article #1969,11,0
Article #1970,23,1
Article #1971,20,0
Article #1972,7,0
Article #1973,24,1
Article #1974,8,0
Article #1975,21,0
Article #1976,24,1
Article #1977,25,0
Article #1978,11,1
Article #1979,28,2
Article #1980,7,0
Article #1981,8,0
Article #1982,29,0
Article #1983,13,0
Article #1984,23,0
Article #1985,28,0
Article #1986,22,0
Article #1987,25,0
Article #1988,21,0
Article #1989,19,0
Article #1990,21,0
Article #1991,27,1
Article #1992,26,1
Article #1993,24,0
Article #1994,7,0
Article #1995,8,0
Article #1996,9,0
Article #1997,9,0
Article #1998,26,1
Article #1999,12,0
Article #2000,27,1
Article #2001,26,0
Article #2002,27,1
Article #2003,7,0
Article #2004,13,0
Article #2005,15,0
Article #2006,24,0
Article #2007,31,1
Article #2008,8,0
Article #2009,19,1
Article #2010,28,0
Article #2011,27,0
Article #2012,29,0
Article #2013,12,1
Article #2014,29,0
Article #2015,16,1
Article #2016,23,0
Article #2017,4,0
Article #2018,15,0
Article #2019,22,1
Article #2020,6,0
Article #2021,31,1
Article #2022,26,1
Article #2023,32,0
Article #2024,27,0
Article #2025,27,0
Article #2026,16,0
Article #2027,25,0
Article #2028,9,0
Article #2029,31,1
Article #2030,28,1
Article #2031,9,0
Article #2032,20,0
Article #2033,26,0
Article #2034,8,1
Article #2035,13,0
Article #2036,23,1
Article #2037,28,1
Article #2038,25,0
Article #2039,8,0
Article #2040,28,1
Article #2041,19,0
Article #2042,28,0
Article #2043,28,0
Article #2044,25,1
Article #2045,11,0
Article #2046,21,0
Article #2047,22,1
Article #2048,29,1
Article #2049,12,0
Article #2050,24,1
Article #2051,4,0
Article #2052,26,0
Article #2053,5,0
Article #2054,24,1
Article #2055,9,0
Article #2056,25,0
Article #2057,8,0
Article #2058,24,0
Article #2059,9,0
Article #2060,22,0
Article #2061,25,0
Article #2062,16,1
Article #2063,9,0
Article #2064,27,1
Article #2065,31,1
Article #2066,6,0
Article #2067,11,0
Article #2068,27,0
Article #2069,12,0
Article #2070,31,1
Article #2071,10,0
Article #2072,26,0
Article #2073,11,1
Article #2074,27,0
Article #2075,20,1
Article #2076,31,1
Article #2077,23,0
Article #2078,28,0
Article #2079,14,1
Article #2080,23,1
Article #2081,21,1
Article #2082,23,1
Article #2083,12,0
Article #2084,25,0
Article #2085,29,1
Article #2086,9,0
Article #2087,24,1
Article #2088,9,0
Article #2089,18,1
Article #2090,27,0
Article #2091,9,1
Article #2092,20,0
Article #2093,23,1
Article #2094,8,0
Article #2095,23,1
Article #2096,22,0
Article #2097,10,1
Article #2098,11,0
Article #2099,23,1
Article #2100,26,1
Article #2101,28,2
Article #2102,23,0
Article #2103,19,1
Article #2104,5,0
Article #2105,7,0
Article #2106,23,0
Article #2107,14,1
Article #2108,13,0
Article #2109,28,1
Article #2110,22,0
Article #2111,22,0
Article #2112,10,0
Article #2113,19,1
Article #2114,15,1
Article #2115,8,0
Article #2116,6,0
Article #2117,26,0
Article #2118,27,1
Article #2119,6,0
Article #2120,7,0
Article #2121,22,1
Article #2122,19,0
Article #2123,30,0
Article #2124,21,1
Article #2125,9,0
Article #2126,10,0
Article #2127,9,0
Article #2128,26,2
Article #2129,21,0
Article #2130,32,1
Article #2131,4,0
Article #2132,19,1
Article #2133,6,0
Article #2134,26,0
Article #2135,7,0
Article #2136,28,0
Article #2137,31,1
Article #2138,23,0
Article #2139,8,0
Article #2140,8,1
Article #2141,25,0
Article #2142,26,1
Article #2143,23,0
Article #2144,12,0
Article #2145,28,1
Article #2146,28,1
Article #2147,23,0
Article #2148,9,0
Article #2149,10,1
Article #2150,19,1
Article #2151,27,1
Article #2152,7,0
Article #2153,24,0
Article #2154,19,1
Article #2155,25,0
Article #2156,28,1
Article #2157,16,0
Article #2158,20,1
Article #2159,26,1
Article #2160,20,0
Article #2161,11,0
Article #2162,31,1
Article #2163,17,0
Article #2164,25,1
Article #2165,27,0
Article #2166,27,1
Article #2167,29,1
Article #2168,12,0
Article #2169,9,0
Article #2170,8,0
Article #2171,9,0
Article #2172,6,0
Article #2173,18,0
Article #2174,21,1
Article #2175,12,0
Article #2176,32,0
Article #2177,26,0
Article #2178,7,0
Article #2179,18,0
Article #2180,12,0
Article #2181,18,0
Article #2182,24,0
Article #2183,27,1
Article #2184,7,0
Article #2185,8,1
Article #2186,11,1
Article #2187,18,0
Article #2188,17,0
Article #2189,21,1
Article #2190,4,0
Article #2191,6,0
Article #2192,19,0
Article #2193,18,0
Article #2194,9,0
Article #2195,18,0
Article #2196,21,1
Article #2197,20,1
Article #2198,9,0
Article #2199,24,1
Article #2200,14,0
Article #2201,27,0
Article #2202,26,1
Article #2203,32,0
Article #2204,12,1
Article #2205,10,0
Article #2206,24,0
Article #2207,7,1
Article #2208,28,0
Article #2209,32,0
Article #2210,10,1
Article #2211,16,1
Article #2212,21,0
Article #2213,29,1
Article #2214,27,1
Article #2215,27,0
Article #2216,9,0
Article #2217,18,0
Article #2218,33,1
Article #2219,9,0
Article #2220,21,1
Article #2221,26,0
Article #2222,18,0
Article #2223,30,0
Article #2224,5,0
Article #2225,14,1
Article #2226,10,1
Article #2227,12,1
Article #2228,7,0
Article #2229,10,0
Article #2230,9,0
Article #2231,7,0
Article #2232,7,0
Article #2233,6,0
Article #2234,4,0
Article #2235,26,1
Article #2236,23,0
Article #2237,28,0
Article #2238,22,0
Article #2239,21,0
Article #2240,18,0
Article #2241,22,0
Article #2242,21,0
Article #2243,31,1
Article #2244,24,0
Article #2245,31,1
Article #2246,8,0
Article #2247,17,0
Article #2248,8,0
Article #2249,28,0
Article #2250,11,1
Article #2251,19,0
Article #2252,19,1
Article #2253,9,0
Article #2254,23,0
Article #2255,11,0
Article #2256,8,0
Article #2257,16,0
Article #2258,30,2
Article #2259,9,1
Article #2260,32,0
Article #2261,18,1
Article #2262,29,0
Article #2263,28,1
Article #2264,30,0
Article #2265,30,0
Article #2266,23,0
Article #2267,22,1
Article #2268,13,0
Article #2269,32,1
Article #2270,8,0
Article #2271,12,0
Article #2272,10,0
Article #2273,23,1
Article #2274,9,0
Article #2275,4,0
Article #2276,11,0
Article #2277,26,1
Article #2278,8,0
Article #2279,22,0
Article #2280,25,1
Article #2281,19,1
Article #2282,8,0
Article #2283,24,0
Article #2284,20,1
Article #2285,26,1
Article #2286,4,0
Article #2287,24,1
Article #2288,27,1
Article #2289,24,0
Article #2290,15,0
Article #2291,19,1
Article #2292,21,1
Article #2293,13,1
Article #2294,35,0
Article #2295,25,0
Article #2296,9,0
Article #2297,10,0
Article #2298,21,0
Article #2299,32,0
Article #2300,27,1
Article #2301,24,1
Article #2302,25,1
Article #2303,28,0
Article #2304,19,0
Article #2305,16,1
Article #2306,23,0
Article #2307,14,0
Article #2308,9,0
Article #2309,15,0
Article #2310,10,0
Article #2311,33,0
Article #2312,29,1
Article #2313,16,1
Article #2314,11,1
Article #2315,24,0
Article #2316,7,0
Article #2317,10,0
Article #2318,25,1
Article #2319,26,0
Article #2320,16,0
Article #2321,15,0
Article #2322,19,0
Article #2323,11,1
Article #2324,21,0
Article #2325,24,1
Article #2326,18,0
Article #2327,18,0
Article #2328,24,1
Article #2329,29,1
Article #2330,7,0
Article #2331,10,0
Article #2332,32,0
Article #2333,25,0
Article #2334,22,1
Article #2335,25,0
Article #2336,6,0
Article #2337,28,0
Article #2338,24,0
Article #2339,7,0
Article #2340,23,1
Article #2341,19,1
Article #2342,20,0
Article #2343,9,1
Article #2344,24,0
Article #2345,14,0
Article #2346,29,0
Article #2347,11,0
Article #2348,22,1
Article #2349,15,1
Article #2350,27,0
Article #2351,23,0
Article #2352,31,1
Article #2353,24,1
Article #2354,31,1
Article #2355,28,0
Article #2356,10,0
Article #2357,12,0
Article #2358,9,0
Article #2359,24,0
Article #2360,23,0
Article #2361,21,0
Article #2362,14,0
Article #2363,10,0
Article #2364,28,0
Article #2365,28,2
Article #2366,13,0
Article #2367,10,0
Article #2368,12,0
Article #2369,23,0
Article #2370,28,0
Article #2371,12,0
Article #2372,24,0
Article #2373,33,0
Article #2374,26,2
Article #2375,4,0
Article #2376,25,0
Article #2377,24,1
Article #2378,19,0
Article #2379,9,0
Article #2380,18,0
Article #2381,13,0
Article #2382,18,0
Article #2383,13,0
Article #2384,22,1
Article #2385,16,0
Article #2386,11,1
Article #2387,12,0
Article #2388,9,0
Article #2389,21,0
Article #2390,4,0
Article #2391,22,1
Article #2392,11,1
Article #2393,9,0
Article #2394,17,0
Article #2395,18,0
Article #2396,26,1
Article #2397,26,1
Article #2398,26,0
Article #2399,12,1
Article #2400,20,1
Article #2401,23,0
Article #2402,23,0
Article #2403,25,1
Article #2404,30,1
Article #2405,30,1
Article #2406,26,1
Article #2407,24,0
Article #2408,29,1
Article #2409,24,1
Article #2410,19,1
Article #2411,21,1
Article #2412,12,0
Article #2413,28,2
Article #2414,24,0
Article #2415,13,0
Article #2416,25,1
Article #2417,21,0
Article #2418,21,0
Article #2419,26,1
Article #2420,9,1
Article #2421,9,0
Article #2422,15,1
Article #2423,6,0
Article #2424,7,0
Article #2425,29,0
Article #2426,24,0
Article #2427,32,0
Article #2428,7,0
Article #2429,27,0
Article #2430,22,0
Article #2431,7,1
Article #2432,5,0
Article #2433,25,0
Article #2434,28,0
Article #2435,9,0
Article #2436,30,0
Article #2437,16,1
Article #2438,26,1
Article #2439,24,0
Article #2440,25,0
Article #2441,9,0
Article #2442,24,0
Article #2443,13,0
Article #2444,18,1
Article #2445,30,0
Article #2446,22,0
Article #2447,18,1
Article #2448,16,1
Article #2449,26,1
Article #2450,15,1
Article #2451,22,0
Article #2452,18,1
Article #2453,4,0
Article #2454,14,0
Article #2455,9,0
Article #2456,7,0
Article #2457,26,1
Article #2458,5,0
Article #2459,20,1
Article #2460,30,1
Article #2461,26,0
Article #2462,26,0
Article #2463,25,1
Article #2464,4,0
Article #2465,24,1
Article #2466,8,0
Article #2467,27,0
Article #2468,33,0
Article #2469,21,0
Article #2470,11,1
Article #2471,26,0
Article #2472,24,0
Article #2473,5,0
Article #2474,11,0
Article #2475,20,1
Article #2476,25,1
Article #2477,9,0
Article #2478,5,0
Article #2479,27,1
Article #2480,30,0
Article #2481,27,0
Article #2482,25,0
Article #2483,9,0
Article #2484,28,1
Article #2485,27,1
Article #2486,15,1
Article #2487,18,0
Article #2488,25,1
Article #2489,11,1
Article #2490,17,1
Article #2491,28,1
Article #2492,8,1
Article #2493,21,1
Article #2494,27,1
Article #2495,10,0
Article #2496,31,1
Article #2497,11,0
Article #2498,6,0
Article #2499,7,0
Article #2500,15,1
Article #2501,23,1
Article #2502,4,0
Article #2503,15,0
Article #2504,26,0
Article #2505,15,0
Article #2506,25,1
Article #2507,9,0
Article #2508,27,1
Article #2509,7,0
Article #2510,28,0
Article #2511,11,0
Article #2512,27,0
Article #2513,13,0
Article #2514,25,1
Article #2515,20,0
Article #2516,30,0
Article #2517,21,1
Article #2518,23,0
Article #2519,10,0
Article #2520,10,0
Article #2521,7,0
Article #2522,18,0
Article #2523,11,1
Article #2524,15,0
Article #2525,24,0
Article #2526,28,0
Article #2527,31,1
Article #2528,23,1
Article #2529,14,0
Article #2530,27,1
Article #2531,8,0
Article #2532,26,1
Article #2533,24,0
Article #2534,24,0
Article #2535,10,0
Article #2536,26,0
Article #2537,9,0
Article #2538,8,0
Article #2539,18,0
Article #2540,22,0
Article #2541,11,0
Article #2542,26,1
Article #2543,20,1
Article #2544,25,0
Article #2545,9,0
Article #2546,13,1
Article #2547,9,0
Article #2548,30,0
Article #2549,16,1
Article #2550,16,0
Article #2551,12,1
Article #2552,28,1
Article #2553,20,2
Article #2554,28,1
Article #2555,22,1
Article #2556,4,0
Article #2557,14,0
Article #2558,25,0
Article #2559,25,1
Article #2560,27,1
Article #2561,29,1
Article #2562,29,0
Article #2563,7,1
Article #2564,18,1
Article #2565,14,0
Article #2566,22,0
Article #2567,33,0
Article #2568,9,0
Article #2569,19,0
Article #2570,7,0
Article #2571,22,1
Article #2572,22,0
Article #2573,16,0
Article #2574,19,1
Article #2575,28,0
Article #2576,7,0
Article #2577,21,0
Article #2578,26,0
Article #2579,16,0
Article #2580,9,0
Article #2581,8,0
Article #2582,26,0
Article #2583,28,1
Article #2584,17,1
Article #2585,22,1
Article #2586,22,0
Article #2587,19,1
Article #2588,6,0
Article #2589,28,0
Article #2590,21,1
Article #2591,15,1
Article #2592,9,0
Article #2593,25,1
Article #2594,26,0
Article #2595,32,0
Article #2596,25,0
Article #2597,21,0
Article #2598,18,0
Article #2599,9,0
Article #2600,27,0
Article #2601,6,0
Article #2602,19,0
Article #2603,33,0
Article #2604,26,0
Article #2605,5,0
Article #2606,22,1
Article #2607,22,0
Article #2608,13,1
Article #2609,16,1
Article #2610,9,0
Article #2611,26,0
Article #2612,10,0
Article #2613,10,0
Article #2614,27,1
Article #2615,23,1
Article #2616,22,0
Article #2617,29,0
Article #2618,21,1
Article #2619,14,0
Article #2620,31,0
Article #2621,33,0
Article #2622,29,1
Article #2623,9,0
Article #2624,11,0
Article #2625,24,0
Article #2626,17,0
Article #2627,18,0
Article #2628,24,0
Article #2629,9,0
Article #2630,18,1
Article #2631,18,1
Article #2632,8,1
Article #2633,26,0
Article #2634,22,0
Article #2635,19,0
Article #2636,23,0
Article #2637,9,0
Article #2638,12,1
Article #2639,15,1
Article #2640,31,1
Article #2641,23,0
Article #2642,19,0
Article #2643,23,1
Article #2644,10,0
Article #2645,20,0
Article #2646,6,0
Article #2647,10,0
Article #2648,4,0
Article #2649,23,1
Article #2650,20,1
Article #2651,7,0
Article #2652,24,0
Article #2653,24,1
Article #2654,5,0
Article #2655,16,1
Article #2656,22,1
Article #2657,18,0
Article #2658,28,0
Article #2659,28,0
Article #2660,10,0
Article #2661,11,0
Article #2662,29,0
Article #2663,6,0
Article #2664,24,0
Article #2665,16,0
Article #2666,13,0
Article #2667,24,0
Article #2668,15,1
Article #2669,6,0
Article #2670,19,1
Article #2671,30,1
Article #2672,17,1
Article #2673,5,0
Article #2674,27,0
Article #2675,23,1
Article #2676,22,1
Article #2677,18,1
Article #2678,19,1
Article #2679,19,1
Article #2680,25,0
Article #2681,5,0
Article #2682,25,1
Article #2683,32,1
Article #2684,24,0
Article #2685,24,1
Article #2686,4,0
Article #2687,8,1
Article #2688,13,0
Article #2689,29,0
Article #2690,14,0
Article #2691,27,0
Article #2692,19,1
Article #2693,23,1
Article #2694,11,0
Article #2695,10,0
Article #2696,13,1
Article #2697,24,0
Article #2698,8,0
Article #2699,9,0
Article #2700,5,0
Article #2701,10,0
Article #2702,10,0
Article #2703,26,0
Article #2704,15,1
Article #2705,26,1
Article #2706,12,1
Article #2707,8,0
Article #2708,9,0
Article #2709,11,1
Article #2710,28,1
Article #2711,8,0
Article #2712,12,0
Article #2713,26,0
Article #2714,20,0
Article #2715,28,0
Article #2716,12,1
Article #2717,27,0
Article #2718,9,1
Article #2719,7,0
Article #2720,29,1
Article #2721,22,1
Article #2722,29,1
Article #2723,7,0
Article #2724,14,1
Article #2725,9,1
Article #2726,6,0
Article #2727,23,0
Article #2728,28,0
Article #2729,12,1
Article #2730,27,0
Article #2731,12,0
Article #2732,29,1
Article #2733,32,0
Article #2734,30,0
Article #2735,23,1
Article #2736,16,1
Article #2737,14,1
Article #2738,18,0
Article #2739,28,0
Article #2740,17,0
Article #2741,14,1
Article #2742,6,1
Article #2743,19,0
Article #2744,22,1
Article #2745,9,0
Article #2746,26,1
Article #2747,20,1
Article #2748,25,0
Article #2749,24,0
Article #2750,12,1
Article #2751,23,1
Article #2752,23,1
Article #2753,24,1
Article #2754,25,0
Article #2755,8,0
Article #2756,19,0
Article #2757,29,0
Article #2758,22,1
Article #2759,4,0
Article #2760,8,0
Article #2761,6,0
Article #2762,13,0
Article #2763,11,1
Article #2764,27,1
Article #2765,9,0
Article #2766,30,0
Article #2767,28,0
Article #2768,12,0
Article #2769,20,1
Article #2770,6,0
Article #2771,24,0
Article #2772,26,0
Article #2773,9,0
Article #2774,18,0
Article #2775,25,1
Article #2776,23,1
Article #2777,13,1
Article #2778,4,0
Article #2779,11,1
Article #2780,16,1
Article #2781,13,0
Article #2782,19,1
Article #2783,14,0
Article #2784,24,1
Article #2785,16,1
Article #2786,6,0
Article #2787,25,0
Article #2788,7,0
Article #2789,27,0
Article #2790,31,0
Article #2791,26,0
Article #2792,19,1
Article #2793,29,1
Article #2794,22,1
Article #2795,14,1
Article #2796,21,0
Article #2797,27,1
Article #2798,7,0
Article #2799,23,0
Article #2800,23,1
Article #2801,25,1
Article #2802,26,0
Article #2803,20,1
Article #2804,12,0
Article #2805,16,1
Article #2806,21,0
Article #2807,34,0
Article #2808,29,1
Article #2809,5,0
Article #2810,26,0
Article #2811,32,0
Article #2812,28,0
Article #2813,5,0
Article #2814,31,1
Article #2815,22,0
Article #2816,30,2
Article #2817,6,0
Article #2818,16,0
Article #2819,23,0
Article #2820,30,0
Article #2821,11,0
Article #2822,9,0
Article #2823,8,0
Article #2824,26,0
Article #2825,11,1
Article #2826,32,0
Article #2827,6,0
Article #2828,9,0
Article #2829,16,1
Article #2830,31,1
Article #2831,18,1
Article #2832,16,0
Article #2833,27,0
Article #2834,24,0
Article #2835,19,1
Article #2836,23,0
Article #2837,29,1
Article #2838,24,0
Article #2839,29,0
Article #2840,13,0
Article #2841,7,0
Article #2842,23,1
Article #2843,21,0
Article #2844,21,0
Article #2845,12,0
Article #2846,25,0
Article #2847,30,0
Article #2848,11,0
Article #2849,6,0
Article #2850,15,0
Article #2851,9,0
Article #2852,14,1
Article #2853,23,1
Article #2854,27,0
Article #2855,29,1
Article #2856,12,0
Article #2857,31,1
Article #2858,24,0
Article #2859,22,1
Article #2860,27,1
Article #2861,17,0
Article #2862,8,0
Article #2863,28,0
Article #2864,12,0
Article #2865,10,0
Article #2866,7,0
Article #2867,25,0
Article #2868,24,1
Article #2869,18,0
Article #2870,25,1
Article #2871,19,0
Article #2872,26,0
Article #2873,7,0
Article #2874,28,0
Article #2875,24,0
Article #2876,17,0
Article #2877,11,2
Article #2878,22,1
Article #2879,12,0
Article #2880,28,2
Article #2881,19,1
Article #2882,15,0
Article #2883,15,1
Article #2884,18,1
Article #2885,9,0
Article #2886,26,0
Article #2887,26,0
Article #2888,17,1
Article #2889,25,0
Article #2890,23,1
Article #2891,22,1
Article #2892,21,0
Article #2893,12,0
Article #2894,19,1
Article #2895,21,1
Article #2896,28,0
Article #2897,27,0
Article #2898,28,0
Article #2899,12,3
Article #2900,22,0
Article #2901,16,1
Article #2902,7,0
Article #2903,29,0
Article #2904,8,0
Article #2905,25,0
Article #2906,25,1
Article #2907,17,0
Article #2908,8,0
Article #2909,22,0
Article #2910,28,2
Article #2911,12,1
Article #2912,16,1
Article #2913,25,1
Article #2914,19,1
Article #2915,24,0
Article #2916,26,0
Article #2917,25,0
Article #2918,28,1
Article #2919,8,0
Article #2920,15,0
Article #2921,18,0
Article #2922,24,1
Article #2923,28,1
Article #2924,28,2
Article #2925,8,0
Article #2926,12,0
Article #2927,9,0
Article #2928,10,0
Article #2929,21,1
Article #2930,16,1
Article #2931,10,0
Article #2932,24,1
Article #2933,23,1
Article #2934,21,0
Article #2935,18,1
Article #2936,8,0
Article #2937,25,1
Article #2938,9,0
Article #2939,27,1
Article #2940,19,2
Article #2941,22,1
Article #2942,17,0
Article #2943,23,0
Article #2944,15,1
Article #2945,24,0
Article #2946,4,0
Article #2947,18,0
Article #2948,13,0
Article #2949,9,0
Article #2950,9,0
Article #2951,8,0
Article #2952,12,1
Article #2953,4,0
Article #2954,18,1
Article #2955,21,1
Article #2956,13,1
Article #2957,18,0
Article #2958,26,0
Article #2959,24,0
Article #2960,26,0
Article #2961,8,0
Article #2962,16,0
Article #2963,13,0
Article #2964,12,0
Article #2965,28,1
Article #2966,9,0
Article #2967,7,0
Article #2968,28,2
Article #2969,25,1
Article #2970,31,1
Article #2971,21,0
Article #2972,18,0
Article #2973,18,1
Article #2974,9,0
Article #2975,10,0
Article #2976,8,0
Article #2977,7,0
Article #2978,5,0
Article #2979,5,0
Article #2980,32,0
Article #2981,4,0
Article #2982,13,0
Article #2983,16,0
Article #2984,21,0
Article #2985,6,0
Article #2986,15,0
Article #2987,24,0
Article #2988,18,0
Article #2989,5,0
Article #2990,14,0
Article #2991,28,1
Article #2992,32,1
Article #2993,28,0
Article #2994,19,1
Article #2995,20,1
Article #2996,26,1
Article #2997,10,0
Article #2998,9,0
Article #2999,7,0
Article #3000,18,1
Article #3001,18,1
Article #3002,7,0
Article #3003,8,1
Article #3004,28,0
Article #3005,7,1
Article #3006,14,1
Article #3007,16,0
Article #3008,12,0
Article #3009,19,0
Article #3010,20,0
Article #3011,25,1
Article #3012,24,0
Article #3013,23,0
Article #3014,7,0
Article #3015,21,1
Article #3016,30,0
Article #3017,13,1
Article #3018,31,2
Article #3019,26,1
Article #3020,22,1
Article #3021,19,0
Article #3022,19,0
Article #3023,17,0
Article #3024,24,1
Article #3025,20,0
Article #3026,27,1
Article #3027,23,2
Article #3028,19,0
Article #3029,27,0
Article #3030,6,0
Article #3031,11,0
Article #3032,7,0
Article #3033,8,0
Article #3034,18,0
Article #3035,26,1
Article #3036,25,0
Article #3037,27,0
Article #3038,15,0
Article #3039,10,1
Article #3040,21,0
Article #3041,25,0
Article #3042,18,0
Article #3043,9,0
Article #3044,24,0
Article #3045,7,0
Article #3046,6,0
Article #3047,31,0
Article #3048,10,0
Article #3049,18,1
Article #3050,18,0
Article #3051,32,0
Article #3052,27,0
Article #3053,25,0
Article #3054,31,1
Article #3055,28,0
Article #3056,17,0
Article #3057,14,0
Article #3058,27,1
Article #3059,25,0
Article #3060,9,0
Article #3061,25,1
Article #3062,5,0
Article #3063,22,0
Article #3064,32,0
Article #3065,19,0
Article #3066,19,0
Article #3067,10,0
Article #3068,9,0
Article #3069,26,0
Article #3070,24,1
Article #3071,22,1
Article #3072,22,0
Article #3073,27,0
Article #3074,32,0
Article #3075,22,0
Article #3076,8,0
Article #3077,26,0
Article #3078,26,0
Article #3079,21,0
Article #3080,22,0
Article #3081,25,0
Article #3082,21,1
Article #3083,25,0
Article #3084,20,0
Article #3085,17,1
Article #3086,31,1
Article #3087,30,1
Article #3088,4,0
Article #3089,19,1
Article #3090,6,0
Article #3091,9,0
Article #3092,7,1
Article #3093,6,0
Article #3094,27,0
Article #3095,20,0
Article #3096,25,0
Article #3097,15,1
Article #3098,33,0
Article #3099,9,0
Article #3100,16,0
Article #3101,8,0
Article #3102,25,0
Article #3103,10,0
Article #3104,10,0
Article #3105,21,1
Article #3106,18,0
Article #3107,18,0
Article #3108,25,0
Article #3109,19,1
Article #3110,8,0
Article #3111,18,0
Article #3112,8,0
Article #3113,20,1
Article #3114,18,0
Article #3115,13,1
Article #3116,10,0
Article #3117,11,0
Article #3118,19,2
Article #3119,4,0
Article #3120,9,0
Article #3121,5,0
Article #3122,16,1
Article #3123,13,0
Article #3124,19,0
Article #3125,17,0
Article #3126,10,0
Article #3127,6,0
Article #3128,24,1
Article #3129,13,0
Article #3130,19,0
Article #3131,15,1
Article #3132,28,0
Article #3133,6,0
Article #3134,4,0
Article #3135,27,0
Article #3136,32,0
Article #3137,25,1
Article #3138,25,0
Article #3139,7,0
Article #3140,10,1
Article #3141,31,2
Article #3142,19,1
Article #3143,19,1
Article #3144,16,0
Article #3145,11,0
Article #3146,9,0
Article #3147,29,0
Article #3148,30,1
Article #3149,13,0
Article #3150,9,0
Article #3151,28,0
Article #3152,7,0
Article #3153,23,0
Article #3154,24,0
Article #3155,22,0
Article #3156,31,1
Article #3157,9,0
Article #3158,6,0
Article #3159,24,0
Article #3160,8,0
Article #3161,28,0
Article #3162,29,1
Article #3163,17,0
Article #3164,27,1
Article #3165,22,0
Article #3166,9,0
Article #3167,16,0
Article #3168,18,1
Article #3169,23,1
Article #3170,21,1
Article #3171,30,0
Article #3172,25,0
Article #3173,31,1
Article #3174,25,1
Article #3175,22,1
Article #3176,19,0
Article #3177,26,1
Article #3178,32,0
Article #3179,8,0
Article #3180,11,0
Article #3181,32,1
Article #3182,18,1
Article #3183,20,0
Article #3184,6,0
Article #3185,6,0
Article #3186,20,0
Article #3187,9,0
Article #3188,8,0
Article #3189,13,1
Article #3190,13,0
Article #3191,4,0
Article #3192,5,0
Article #3193,7,0
Article #3194,12,1
Article #3195,8,0
Article #3196,27,1
Article #3197,18,0
Article #3198,16,0
Article #3199,26,1
Article #3200,26,0
Article #3201,22,1
Article #3202,32,0
Article #3203,29,0
Article #3204,27,1
Article #3205,29,1
Article #3206,15,1
Article #3207,23,1
Article #3208,28,0
Article #3209,26,1
Article #3210,27,0
Article #3211,32,0
Article #3212,19,1
Article #3213,25,0
Article #3214,14,1
Article #3215,25,1
Article #3216,5,0
Article #3217,8,0
Article #3218,6,1
Article #3219,17,2
Article #3220,12,0
Article #3221,28,0
Article #3222,6,0
Article #3223,32,0
Article #3224,6,0
Article #3225,27,1
Article #3226,4,0
Article #3227,26,1
Article #3228,26,0
Article #3229,6,0
Article #3230,20,1
Article #3231,13,1
Article #3232,18,0
Article #3233,27,1
Article #3234,32,0
Article #3235,17,0
Article #3236,27,0
Article #3237,8,0
Article #3238,26,1
Article #3239,27,0
Article #3240,20,1
Article #3241,12,1
Article #3242,27,1
Article #3243,9,0
Article #3244,9,0
Article #3245,27,0
Article #3246,13,1
Article #3247,33,0
Article #3248,25,0
Article #3249,18,0
Article #3250,9,1
Article #3251,12,1
Article #3252,8,0
Article #3253,27,0
Article #3254,6,0
Article #3255,26,1
Article #3256,21,0
Article #3257,21,0
Article #3258,11,0
Article #3259,33,0
Article #3260,12,0
Article #3261,26,0
Article #3262,28,0
Article #3263,23,0
Article #3264,22,0
Article #3265,23,1
Article #3266,16,1
Article #3267,24,0
Article #3268,25,1
Article #3269,22,0
Article #3270,27,0
Article #3271,25,0
Article #3272,21,1
Article #3273,32,0
Article #3274,11,1
Article #3275,9,0
Article #3276,24,1
Article #3277,9,0
Article #3278,21,0
Article #3279,21,0
Article #3280,24,0
Article #3281,30,0
Article #3282,30,1
Article #3283,14,1
Article #3284,31,1
Article #3285,10,1
Article #3286,25,0
Article #3287,24,0
Article #3288,26,0
Article #3289,21,0
Article #3290,23,1
Article #3291,17,1
Article #3292,15,1
Article #3293,20,0
Article #3294,23,0
Article #3295,19,1
Article #3296,9,1
Article #3297,14,2
Article #3298,25,0
Article #3299,22,0
Article #3300,12,1
Article #3301,10,1
Article #3302,26,0
Article #3303,14,0
Article #3304,21,0
Article #3305,9,0
Article #3306,14,0
Article #3307,11,0
Article #3308,9,0
Article #3309,13,0
Article #3310,27,1
Article #3311,28,0
Article #3312,29,1
Article #3313,26,1
Article #3314,18,0
Article #3315,28,0
Article #3316,10,0
Article #3317,29,0
Article #3318,18,0
Article #3319,16,0
Article #3320,19,0
Article #3321,26,0
Article #3322,13,0
Article #3323,17,0
Article #3324,6,0
Article #3325,9,0
Article #3326,25,0
Article #3327,14,0
Article #3328,24,0
Article #3329,10,0
Article #3330,32,1
Article #3331,15,0
Article #3332,10,0
Article #3333,8,1
Article #3334,12,0
Article #3335,21,1
Article #3336,16,0
Article #3337,24,0
Article #3338,21,0
Article #3339,24,0
Article #3340,25,0
Article #3341,29,0
Article #3342,5,0
Article #3343,13,1
Article #3344,28,0
Article #3345,18,0
Article #3346,15,0
Article #3347,29,1
Article #3348,24,0
Article #3349,5,0
Article #3350,12,0
Article #3351,9,0
Article #3352,18,0
Article #3353,22,0
Article #3354,27,0
Article #3355,28,1
Article #3356,26,1
Article #3357,20,0
Article #3358,9,0
Article #3359,27,0
Article #3360,9,0
Article #3361,6,0
Article #3362,13,0
Article #3363,32,0
Article #3364,28,0
Article #3365,22,0
Article #3366,10,0
Article #3367,26,0
Article #3368,8,0
Article #3369,17,1
Article #3370,17,1
Article #3371,26,1
Article #3372,16,1
Article #3373,23,0
Article #3374,27,0
Article #3375,5,0
Article #3376,21,0
Article #3377,27,0
Article #3378,27,0
Article #3379,17,0
Article #3380,24,0
Article #3381,25,0
Article #3382,6,0
Article #3383,24,0
Article #3384,8,0
Article #3385,24,0
Article #3386,15,1
Article #3387,24,0
Article #3388,32,1
Article #3389,10,0
Article #3390,10,0
Article #3391,31,0
Article #3392,11,1
Article #3393,8,0
Article #3394,18,0
Article #3395,9,0
Article #3396,25,0
Article #3397,24,0
Article #3398,10,0
Article #3399,24,0
Article #3400,4,0
Article #3401,9,0
Article #3402,30,0
Article #3403,12,0
Article #3404,20,0
Article #3405,33,0
Article #3406,25,1
Article #3407,17,0
Article #3408,9,0
Article #3409,27,0
Article #3410,11,1
Article #3411,20,1
Article #3412,26,1
Article #3413,17,0
Article #3414,16,0
Article #3415,25,0
Article #3416,26,0
Article #3417,13,0
Article #3418,10,0
Article #3419,30,0
Article #3420,28,0
Article #3421,24,0
Article #3422,18,1
Article #3423,28,1
Article #3424,20,0
Article #3425,25,0
Article #3426,23,1
Article #3427,25,0
Article #3428,25,0
Article #3429,16,1
Article #3430,11,1
Article #3431,30,0
Article #3432,4,0
Article #3433,32,0
Article #3434,18,1
Article #3435,26,0
Article #3436,25,0
Article #3437,17,0
Article #3438,29,1
Article #3439,10,1
Article #3440,9,0
Article #3441,9,0
Article #3442,25,0
Article #3443,27,0
Article #3444,4,0
Article #3445,18,0
Article #3446,9,0
Article #3447,27,0
Article #3448,15,0
Article #3449,22,0
Article #3450,22,0
Article #3451,26,1
Article #3452,9,0
Article #3453,27,0
Article #3454,5,0
Article #3455,27,1
Article #3456,17,0
Article #3457,7,0
Article #3458,25,1
Article #3459,10,0
Article #3460,24,0
Article #3461,28,1
Article #3462,10,1
Article #3463,30,1
Article #3464,31,1
Article #3465,25,1
Article #3466,16,0
Article #3467,8,0
Article #3468,13,0
Article #3469,8,0
Article #3470,5,0
Article #3471,19,1
Article #3472,11,0
Article #3473,16,0
Article #3474,8,1
Article #3475,11,0
Article #3476,9,0
Article #3477,25,0
Article #3478,10,0
Article #3479,22,0
Article #3480,29,0
Article #3481,32,0
Article #3482,27,0
Article #3483,5,0
Article #3484,7,0
Article #3485,28,0
Article #3486,18,0
Article #3487,25,0
Article #3488,9,0
Article #3489,25,1
Article #3490,10,0
Article #3491,10,1
Article #3492,18,0
Article #3493,17,1
Article #3494,24,0
Article #3495,18,0
Article #3496,19,0
Article #3497,18,0
Article #3498,18,0
Article #3499,8,1
Article #3500,10,1
Article #3501,23,0
Article #3502,9,1
Article #3503,14,0
Article #3504,13,1
Article #3505,25,0
Article #3506,25,1
Article #3507,9,1
Article #3508,16,1
Article #3509,17,1
Article #3510,22,1
Article #3511,9,0
Article #3512,5,0
Article #3513,9,0
Article #3514,8,0
Article #3515,19,0
Article #3516,10,0
Article #3517,27,0
Article #3518,16,0
Article #3519,24,0
Article #3520,32,1
Article #3521,21,1
Article #3522,6,0
Article #3523,30,1
Article #3524,32,0
Article #3525,20,0
Article #3526,5,0
Article #3527,26,0
Article #3528,17,2
Article #3529,9,0
Article #3530,30,0
Article #3531,22,1
Article #3532,27,0
Article #3533,21,0
Article #3534,26,1
Article #3535,18,0
Article #3536,15,0
Article #3537,22,1
Article #3538,18,1
Article #3539,18,0
Article #3540,18,1
Article #3541,20,0
Article #3542,29,2
Article #3543,12,0
Article #3544,24,0
Article #3545,17,1
Article #3546,9,0
Article #3547,14,0
Article #3548,27,1
Article #3549,16,1
Article #3550,27,1
Article #3551,12,1
Article #3552,16,1
Article #3553,32,1
Article #3554,25,1
Article #3555,27,0
Article #3556,9,0
Article #3557,10,0
Article #3558,23,0
Article #3559,9,1
Article #3560,14,0
Article #3561,5,0
Article #3562,32,0
Article #3563,5,0
Article #3564,12,0
Article #3565,21,1
Article #3566,26,1
Article #3567,27,0
Article #3568,20,1
Article #3569,13,0
Article #3570,10,0
Article #3571,25,0
Article #3572,11,1
Article #3573,20,0
Article #3574,23,1
Article #3575,24,0
Article #3576,12,0
Article #3577,15,1
Article #3578,9,0
Article #3579,10,0
Article #3580,11,0
Article #3581,24,0
Article #3582,12,0
Article #3583,25,1
Article #3584,28,2
Article #3585,27,0
Article #3586,8,0
Article #3587,24,0
Article #3588,22,0
Article #3589,29,0
Article #3590,19,1
Article #3591,7,0
Article #3592,6,0
Article #3593,14,0
Article #3594,11,0
Article #3595,8,0
Article #3596,19,1
Article #3597,22,0
Article #3598,28,0
Article #3599,31,1
Article #3600,11,1
Article #3601,24,0
Article #3602,19,0
Article #3603,18,0
Article #3604,8,0
Article #3605,25,0
Article #3606,18,1
Article #3607,17,0
Article #3608,21,1
Article #3609,19,0
Article #3610,17,0
Article #3611,20,0
Article #3612,9,0
Article #3613,19,0
Article #3614,19,0
Article #3615,16,0
Article #3616,11,0
Article #3617,12,1
Article #3618,9,0
Article #3619,19,0
Article #3620,25,1
Article #3621,25,0
Article #3622,16,0
Article #3623,25,1
Article #3624,7,0
Article #3625,24,0
Article #3626,19,0
Article #3627,27,0
Article #3628,31,1
Article #3629,19,1
Article #3630,22,0
Article #3631,15,1
Article #3632,24,0
Article #3633,26,0
Article #3634,20,0
Article #3635,27,0
Article #3636,23,1
Article #3637,27,1
Article #3638,25,0
Article #3639,7,0
Article #3640,15,1
Article #3641,16,1
Article #3642,26,0
Article #3643,13,0
Article #3644,20,0
Article #3645,23,0
Article #3646,8,0
Article #3647,20,0
Article #3648,25,0
Article #3649,24,0
Article #3650,21,0
Article #3651,29,0
Article #3652,21,1
Article #3653,16,1
Article #3654,6,0
Article #3655,15,0
Article #3656,23,0
Article #3657,8,0
Article #3658,23,1
Article #3659,22,0
Article #3660,7,0
Article #3661,24,0
Article #3662,25,0
Article #3663,30,1
Article #3664,17,0
Article #3665,19,0
Article #3666,29,0
Article #3667,20,0
Article #3668,11,1
Article #3669,9,0
Article #3670,26,1
Article #3671,10,0
Article #3672,27,0
Article #3673,13,0
Article #3674,18,0
Article #3675,24,1
Article #3676,17,0
Article #3677,18,0
Article #3678,18,0
Article #3679,18,0
Article #3680,28,0
Article #3681,16,0
Article #3682,17,0
Article #3683,11,1
Article #3684,17,1
Article #3685,25,1
Article #3686,19,0
Article #3687,17,0
Article #3688,26,0
Article #3689,24,0
Article #3690,28,1
Article #3691,16,0
Article #3692,27,0
Article #3693,5,0
Article #3694,8,0
Article #3695,24,1
Article #3696,9,0
Article #3697,24,0
Article #3698,28,1
Article #3699,12,1
Article #3700,15,0
Article #3701,22,0
Article #3702,9,0
Article #3703,24,0
Article #3704,28,0
Article #3705,7,0
Article #3706,21,0
Article #3707,9,0
Article #3708,16,0
Article #3709,5,0
Article #3710,19,1
Article #3711,15,0
Article #3712,26,0
Article #3713,10,1
Article #3714,22,0
Article #3715,22,1
Article #3716,13,0
Article #3717,26,0
Article #3718,24,0
Article #3719,19,0
Article #3720,31,1
Article #3721,11,0
Article #3722,25,0
Article #3723,24,0
Article #3724,24,0
Article #3725,18,1
Article #3726,16,1
Article #3727,22,0
Article #3728,15,0
Article #3729,7,0
Article #3730,14,0
Article #3731,9,1
Article #3732,22,0
Article #3733,22,0
Article #3734,27,0
Article #3735,9,1
Article #3736,13,1
Article #3737,5,0
Article #3738,21,1
Article #3739,24,0
Article #3740,8,1
Article #3741,15,0
Article #3742,18,0
Article #3743,19,0
Article #3744,7,0
Article #3745,25,0
Article #3746,29,0
Article #3747,10,1
Article #3748,24,0
Article #3749,26,0
Article #3750,22,0
Article #3751,28,0
Article #3752,12,0
Article #3753,24,0
Article #3754,16,1
Article #3755,27,0
Article #3756,18,0
Article #3757,23,0
Article #3758,30,0
Article #3759,28,0
Article #3760,11,1
Article #3761,32,0
Article #3762,26,1
Article #3763,26,0
Article #3764,29,0
Article #3765,28,0
Article #3766,5,0
Article #3767,23,0
Article #3768,18,0
Article #3769,25,2
Article #3770,19,0
Article #3771,32,0
Article #3772,20,0
Article #3773,15,0
Article #3774,23,0
Article #3775,13,0
Article #3776,15,0
Article #3777,5,0
Article #3778,15,1
Article #3779,25,0
Article #3780,18,0
Article #3781,5,0
Article #3782,9,0
Article #3783,18,0
Article #3784,31,0
Article #3785,27,0
Article #3786,24,1
Article #3787,23,0
Article #3788,25,0
Article #3789,15,0
Article #3790,23,0
Article #3791,23,0
Article #3792,21,0
Article #3793,19,0
Article #3794,4,0
Article #3795,6,0
Article #3796,29,1
Article #3797,23,0
Article #3798,21,0
Article #3799,25,0
Article #3800,4,0
Article #3801,9,1
Article #3802,25,0
Article #3803,22,1
Article #3804,11,1
Article #3805,20,1
Article #3806,19,0
Article #3807,19,1
Article #3808,23,0
Article #3809,14,0
Article #3810,9,0
Article #3811,31,1
Article #3812,30,0
Article #3813,23,0
Article #3814,18,0
Article #3815,19,0
Article #3816,18,0
Article #3817,27,0
Article #3818,24,0
Article #3819,10,0
Article #3820,10,0
Article #3821,30,1
Article #3822,22,0
Article #3823,9,0
Article #3824,23,0
Article #3825,16,0
Article #3826,8,0
Article #3827,11,0
Article #3828,4,0
Article #3829,8,0
Article #3830,26,0
Article #3831,5,0
Article #3832,24,0
Article #3833,22,1
Article #3834,24,0
Article #3835,19,0
Article #3836,25,0
Article #3837,5,0
Article #3838,8,0
Article #3839,24,0
Article #3840,11,0
Article #3841,18,0
Article #3842,9,0
Article #3843,6,0
Article #3844,7,0
Article #3845,22,1
Article #3846,29,0
Article #3847,24,1
Article #3848,28,0
Article #3849,8,0
Article #3850,29,1
Article #3851,10,0
Article #3852,17,1
Article #3853,9,1
Article #3854,17,0
Article #3855,21,0
Article #3856,7,0
Article #3857,25,0
Article #3858,4,0
Article #3859,21,1
Article #3860,22,0
Article #3861,21,0
Article #3862,22,0
Article #3863,9,0
Article #3864,25,1
Article #3865,5,0
Article #3866,4,0
Article #3867,10,0
Article #3868,28,0
Article #3869,5,0
Article #3870,12,1
Article #3871,8,1
Article #3872,8,0
Article #3873,22,0
Article #3874,28,0
Article #3875,26,0
Article #3876,28,0
Article #3877,24,1
Article #3878,25,0
Article #3879,19,1
Article #3880,22,1
Article #3881,20,1
Article #3882,26,0
Article #3883,25,0
Article #3884,14,0
Article #3885,18,1
Article #3886,30,0
Article #3887,11,1
Article #3888,25,0
Article #3889,26,0
Article #3890,22,0
Article #3891,17,1
Article #3892,7,0
Article #3893,20,0
Article #3894,24,0
Article #3895,28,1
Article #3896,27,0
Article #3897,16,1
Article #3898,28,1
Article #3899,15,0
Article #3900,32,0
Article #3901,20,2
Article #3902,15,0
Article #3903,10,0
Article #3904,21,0
Article #3905,23,0
Article #3906,23,0
Article #3907,24,0
Article #3908,27,0
Article #3909,25,1
Article #3910,12,0
Article #3911,30,0
Article #3912,28,1
Article #3913,10,1
Article #3914,15,0
Article #3915,25,0
Article #3916,20,0
Article #3917,22,0
Article #3918,15,1
Article #3919,9,0
Article #3920,7,0
Article #3921,16,0
Article #3922,30,0
Article #3923,19,0
Article #3924,25,0
Article #3925,17,0
Article #3926,23,1
Article #3927,5,0
Article #3928,10,1
Article #3929,29,0
Article #3930,4,0
Article #3931,15,1
Article #3932,16,0
Article #3933,9,0
Article #3934,30,0
Article #3935,30,0
Article #3936,10,0
Article #3937,24,0
Article #3938,25,0
Article #3939,16,1
Article #3940,26,1
Article #3941,32,0
Article #3942,26,1
Article #3943,15,0
Article #3944,25,0
Article #3945,17,0
Article #3946,25,0
Article #3947,26,0
Article #3948,8,0
Article #3949,29,1
Article #3950,21,0
Article #3951,19,0
Article #3952,15,1
Article #3953,27,1
Article #3954,14,0
Article #3955,19,0
Article #3956,17,1
Article #3957,29,0
Article #3958,27,1
Article #3959,7,1
Article #3960,23,1
Article #3961,29,1
Article #3962,7,0
Article #3963,23,1
Article #3964,7,0
Article #3965,25,0
Article #3966,22,0
Article #3967,10,0
Article #3968,28,0
Article #3969,13,0
Article #3970,28,0
Article #3971,22,1
Article #3972,11,1
Article #3973,26,0
Article #3974,24,1
Article #3975,15,0
Article #3976,23,0
Article #3977,5,0
Article #3978,17,0
Article #3979,18,0
Article #3980,8,0
Article #3981,20,0
Article #3982,21,1
Article #3983,18,1
Article #3984,14,0
Article #3985,25,1
Article #3986,19,1
Article #3987,12,1
Article #3988,10,0
Article #3989,25,0
Article #3990,25,0
Article #3991,25,1
Article #3992,28,1
Article #3993,18,1
Article #3994,13,0
Article #3995,21,0
Article #3996,29,1
Article #3997,32,0
Article #3998,18,0
Article #3999,23,0
Article #4000,7,0
